text,label
Còn hàng Apple laptop không?,ham
Còn hàng Apple RAM không?,ham
Còn hàng Lenovo laptop không?,ham
HP máy tính bảng giá bao nhiêu?,ham
Còn hàng MSI SSD không?,ham
Bảo hành màn hình bao lâu?,ham
Apple RAM giá bao nhiêu?,ham
Apple SSD giá bao nhiêu?,ham
Bảo hành laptop bao lâu?,ham
Tư vấn giúp mình RAM đồ họa,ham
Dell PC gaming giá bao nhiêu?,ham
Tư vấn giúp mình máy tính bảng đồ họa,ham
Còn hàng Apple laptop không?,ham
Còn hàng Dell màn hình không?,ham
Bảo hành máy tính bảng bao lâu?,ham
Còn hàng MSI màn hình không?,ham
Lenovo máy tính bảng giá bao nhiêu?,ham
Bảo hành SSD bao lâu?,ham
Tư vấn giúp mình SSD gaming,ham
Tư vấn giúp mình máy tính bảng đồ họa,ham
Tư vấn giúp mình laptop đồ họa,ham
Bảo hành PC gaming bao lâu?,ham
Tư vấn giúp mình laptop đồ họa,ham
Còn hàng Lenovo RAM không?,ham
Bảo hành laptop bao lâu?,ham
Tư vấn giúp mình máy tính bảng đồ họa,ham
Còn hàng Dell laptop không?,ham
Tư vấn giúp mình màn hình văn phòng,ham
Lenovo máy tính bảng giá bao nhiêu?,ham
Tư vấn giúp mình màn hình đồ họa,ham
Tư vấn giúp mình máy tính bảng gaming,ham
Apple laptop giá bao nhiêu?,ham
Tư vấn giúp mình laptop đồ họa,ham
Apple PC gaming giá bao nhiêu?,ham
Bảo hành màn hình bao lâu?,ham
Tư vấn giúp mình SSD văn phòng,ham
Bảo hành máy tính bảng bao lâu?,ham
Tư vấn giúp mình PC gaming văn phòng,ham
Tư vấn giúp mình PC gaming văn phòng,ham
Dell màn hình giá bao nhiêu?,ham
Tư vấn giúp mình màn hình văn phòng,ham
Tư vấn giúp mình SSD văn phòng,ham
Tư vấn giúp mình PC gaming văn phòng,ham
Tư vấn giúp mình màn hình đồ họa,ham
Còn hàng HP máy tính bảng không?,ham
Bảo hành SSD bao lâu?,ham
Tư vấn giúp mình SSD gaming,ham
Còn hàng Dell laptop không?,ham
Bảo hành RAM bao lâu?,ham
Còn hàng MSI RAM không?,ham
Tư vấn giúp mình PC gaming gaming,ham
Dell máy tính bảng giá bao nhiêu?,ham
Còn hàng Dell màn hình không?,ham
Tư vấn giúp mình laptop gaming,ham
Asus màn hình giá bao nhiêu?,ham
Còn hàng Lenovo SSD không?,ham
Asus laptop giá bao nhiêu?,ham
Tư vấn giúp mình laptop gaming,ham
Bảo hành laptop bao lâu?,ham
Bảo hành PC gaming bao lâu?,ham
Bảo hành máy tính bảng bao lâu?,ham
Lenovo RAM giá bao nhiêu?,ham
Còn hàng Asus RAM không?,ham
Còn hàng Lenovo màn hình không?,ham
Tư vấn giúp mình RAM đồ họa,ham
Bảo hành máy tính bảng bao lâu?,ham
Tư vấn giúp mình SSD gaming,ham
Apple laptop giá bao nhiêu?,ham
Asus RAM giá bao nhiêu?,ham
MSI laptop giá bao nhiêu?,ham
Còn hàng Acer màn hình không?,ham
Tư vấn giúp mình máy tính bảng đồ họa,ham
MSI laptop giá bao nhiêu?,ham
Còn hàng Acer RAM không?,ham
Còn hàng Acer SSD không?,ham
Còn hàng MSI RAM không?,ham
Bảo hành máy tính bảng bao lâu?,ham
Tư vấn giúp mình máy tính bảng gaming,ham
Bảo hành laptop bao lâu?,ham
Tư vấn giúp mình màn hình gaming,ham
Còn hàng Lenovo máy tính bảng không?,ham
Acer máy tính bảng giá bao nhiêu?,ham
MSI laptop giá bao nhiêu?,ham
Bảo hành PC gaming bao lâu?,ham
Dell máy tính bảng giá bao nhiêu?,ham
Tư vấn giúp mình laptop gaming,ham
Bảo hành màn hình bao lâu?,ham
Apple SSD giá bao nhiêu?,ham
Còn hàng Acer RAM không?,ham
Bảo hành máy tính bảng bao lâu?,ham
Còn hàng Acer laptop không?,ham
Còn hàng Apple máy tính bảng không?,ham
Còn hàng Asus RAM không?,ham
Còn hàng Lenovo máy tính bảng không?,ham
Tư vấn giúp mình màn hình văn phòng,ham
Tư vấn giúp mình SSD văn phòng,ham
Tư vấn giúp mình máy tính bảng gaming,ham
Tư vấn giúp mình PC gaming đồ họa,ham
Asus màn hình giá bao nhiêu?,ham
Apple RAM giá bao nhiêu?,ham
FLASH SALE 64% Dell laptop,spam
TRÚNG THƯỞNG khi mua RAM,spam
FLASH SALE 83% Dell RAM,spam
CLICK NGAY ĐỂ NHẬN VOUCHER 1 TRIỆU,spam
GIẢM SỐC 68% HP laptop,spam
CLICK NGAY ĐỂ NHẬN VOUCHER 1 TRIỆU,spam
CLICK NGAY ĐỂ NHẬN VOUCHER 5 TRIỆU,spam
TRÚNG THƯỞNG khi mua SSD,spam
THANH LÝ Acer chỉ 5 triệu,spam
FLASH SALE 68% Asus RAM,spam
QUAY SỐ MAY MẮN khi mua máy tính bảng,spam
KHUYẾN MÃI 71% Lenovo máy tính bảng,spam
CLICK NGAY ĐỂ NHẬN VOUCHER 2 TRIỆU,spam
XẢ KHO HP chỉ 11 triệu,spam
GIẢM SỐC 89% Acer máy tính bảng,spam
TRÚNG THƯỞNG khi mua PC gaming,spam
THANH LÝ Lenovo chỉ 12 triệu,spam
XẢ KHO Lenovo chỉ 19 triệu,spam
THANH LÝ Acer chỉ 6 triệu,spam
XẢ KHO Acer chỉ 6 triệu,spam
CLICK NGAY ĐỂ NHẬN VOUCHER 2 TRIỆU,spam
QUAY SỐ MAY MẮN khi mua màn hình,spam
XẢ KHO Lenovo chỉ 20 triệu,spam
THANH LÝ Acer chỉ 17 triệu,spam
CLICK NGAY ĐỂ NHẬN VOUCHER 5 TRIỆU,spam
QUAY SỐ MAY MẮN khi mua RAM,spam
GIẢM SỐC 74% Lenovo máy tính bảng,spam
QUAY SỐ MAY MẮN khi mua PC gaming,spam
CLICK NGAY ĐỂ NHẬN VOUCHER 4 TRIỆU,spam
CLICK NGAY ĐỂ NHẬN VOUCHER 1 TRIỆU,spam
QUAY SỐ MAY MẮN khi mua màn hình,spam
CLICK NGAY ĐỂ NHẬN VOUCHER 1 TRIỆU,spam
THANH LÝ Lenovo chỉ 20 triệu,spam
QUAY SỐ MAY MẮN khi mua laptop,spam
TRÚNG THƯỞNG khi mua máy tính bảng,spam
TRÚNG THƯỞNG khi mua máy tính bảng,spam
TRÚNG THƯỞNG khi mua máy tính bảng,spam
XẢ KHO Acer chỉ 9 triệu,spam
GIẢM SỐC 69% Apple laptop,spam
TRÚNG THƯỞNG khi mua PC gaming,spam
CLICK NGAY ĐỂ NHẬN VOUCHER 4 TRIỆU,spam
TRÚNG THƯỞNG khi mua SSD,spam
QUAY SỐ MAY MẮN khi mua SSD,spam
FLASH SALE 81% Acer PC gaming,spam
QUAY SỐ MAY MẮN khi mua máy tính bảng,spam
KHUYẾN MÃI 55% Dell PC gaming,spam
FLASH SALE 76% Asus laptop,spam
FLASH SALE 50% HP PC gaming,spam
CLICK NGAY ĐỂ NHẬN VOUCHER 2 TRIỆU,spam
CLICK NGAY ĐỂ NHẬN VOUCHER 5 TRIỆU,spam
QUAY SỐ MAY MẮN khi mua SSD,spam
GIẢM SỐC 58% Acer màn hình,spam
QUAY SỐ MAY MẮN khi mua máy tính bảng,spam
XẢ KHO Lenovo chỉ 15 triệu,spam
GIẢM SỐC 50% Dell laptop,spam
CLICK NGAY ĐỂ NHẬN VOUCHER 2 TRIỆU,spam
QUAY SỐ MAY MẮN khi mua PC gaming,spam
THANH LÝ MSI chỉ 16 triệu,spam
KHUYẾN MÃI 70% Asus máy tính bảng,spam
CLICK NGAY ĐỂ NHẬN VOUCHER 3 TRIỆU,spam
QUAY SỐ MAY MẮN khi mua laptop,spam
FLASH SALE 37% Apple PC gaming,spam
TRÚNG THƯỞNG khi mua màn hình,spam
KHUYẾN MÃI 31% Lenovo máy tính bảng,spam
XẢ KHO MSI chỉ 20 triệu,spam
GIẢM SỐC 90% Dell màn hình,spam
GIẢM SỐC 68% MSI RAM,spam
KHUYẾN MÃI 57% Dell màn hình,spam
XẢ KHO Acer chỉ 14 triệu,spam
CLICK NGAY ĐỂ NHẬN VOUCHER 2 TRIỆU,spam
XẢ KHO Asus chỉ 18 triệu,spam
THANH LÝ Acer chỉ 5 triệu,spam
QUAY SỐ MAY MẮN khi mua RAM,spam
XẢ KHO Lenovo chỉ 14 triệu,spam
TRÚNG THƯỞNG khi mua SSD,spam
CLICK NGAY ĐỂ NHẬN VOUCHER 4 TRIỆU,spam
THANH LÝ MSI chỉ 7 triệu,spam
FLASH SALE 74% Lenovo máy tính bảng,spam
QUAY SỐ MAY MẮN khi mua màn hình,spam
FLASH SALE 36% Dell RAM,spam
XẢ KHO Dell chỉ 19 triệu,spam
THANH LÝ Dell chỉ 9 triệu,spam
THANH LÝ Acer chỉ 11 triệu,spam
TRÚNG THƯỞNG khi mua RAM,spam
FLASH SALE 70% Acer RAM,spam
QUAY SỐ MAY MẮN khi mua PC gaming,spam
CLICK NGAY ĐỂ NHẬN VOUCHER 4 TRIỆU,spam
QUAY SỐ MAY MẮN khi mua màn hình,spam
CLICK NGAY ĐỂ NHẬN VOUCHER 5 TRIỆU,spam
CLICK NGAY ĐỂ NHẬN VOUCHER 4 TRIỆU,spam
TRÚNG THƯỞNG khi mua RAM,spam
GIẢM SỐC 40% Dell laptop,spam
FLASH SALE 56% Asus máy tính bảng,spam
QUAY SỐ MAY MẮN khi mua RAM,spam
XẢ KHO Dell chỉ 10 triệu,spam
KHUYẾN MÃI 79% MSI màn hình,spam
CLICK NGAY ĐỂ NHẬN VOUCHER 3 TRIỆU,spam
GIẢM SỐC 61% HP màn hình,spam
FLASH SALE 74% MSI laptop,spam
XẢ KHO MSI chỉ 9 triệu,spam
